Title,Company,Location,Salary,Job Description,Date Posted,Job Link
Front Office Administrator,PANACEA FACILITIES PRIVATE LIMITED,"Bengaluru, Karnataka",N/A,N/A,N/A,https://www.indeed.com/rc/clk?jk=040e9ab9ea4f3ef4&bb=e2XzvoEMcCD7mGNjCAhK14RG4vb4WQi40qRjXeHVqnoIid6grjiOQ3aRPBRiTjTLLw7gWQNadN2-LEaF0s1j1JpctyYsUkCZRL0JmFT9nOWofQaWsEcPR8Xm7nhE-EZ-&xkcb=SoCv67M32hCITTyKXp0LbzkdCdPP&fccid=8599be6a2ff8e30e&cmp=PANACEA-FACILITIES-PRIVATE-LIMITED&ti=Office+Administrator&vjs=3
Administration/Office Assistant,Anibros Design Company,"Bengaluru, Karnataka",N/A,N/A,N/A,https://www.indeed.com/rc/clk?jk=cda5a66f02bfd052&bb=e2XzvoEMcCD7mGNjCAhK18EyfLp3x2TnvKpgoLeBJxSvC4pjEpKycvqZUzbCtZ3e2mnhaNofZydzlOs5DokQUEqucPfHH5frgYd9Rz9uUDaogFcDmrtSBZXo0FY8MRF7&xkcb=SoAb67M32hCITTyKXp0KbzkdCdPP&fccid=3ba878d93c88117f&cmp=Anibros-Design-Company&ti=Administrative+Assistant&vjs=3
Front Office & Admin Executive,Hornbill Pictures,"Bengaluru, Karnataka",N/A,N/A,N/A,https://www.indeed.com/rc/clk?jk=20a2f4e9c90953ca&bb=e2XzvoEMcCD7mGNjCAhK19RsOCGGefw2y3WEHjkiz_lnJ-NCKBMob62qr2O1ER6kmeRHpcthR8JC95cg0RhxI7PRC63hDwbo0-h5i35roZ444DGE8zkeBAnAg9RXVq0H&xkcb=SoCG67M32hCITTyKXp0JbzkdCdPP&fccid=9ba44915b50f1e1d&cmp=Hornbill-Pictures&ti=Office+Administrator&vjs=3
Office Coordinator,ZEBRONICS INDIA PVT LTD,"Bengaluru, Karnataka",N/A,N/A,N/A,https://www.indeed.com/rc/clk?jk=bd45d6271229fdf2&bb=e2XzvoEMcCD7mGNjCAhK1_Q5FOed1bJbZeeTCuaQzluhzXgNVI4fxc_6TyfJKa32ou5Nm7PyWvtUKwzjZ-vetTRNfuBGUmzNGUrg-T_AkcUNYcL8Belx9UK_0o5lvQPG&xkcb=SoAy67M32hCITTyKXp0IbzkdCdPP&fccid=e336dfb78854e2d0&cmp=ZEBRONICS-INDIA-PVT-LTD&ti=Office+Coordinator&vjs=3
Administrative Positions,CMR University,"Bengaluru, Karnataka",N/A,N/A,N/A,https://www.indeed.com/rc/clk?jk=ce692a5b79563fef&bb=e2XzvoEMcCD7mGNjCAhK16dtUkt4pGf8ooQjbPRaMhkow9jMlCB-gjhj4DgtGkxkr0SzvDnk3llVnZIA1uUr9n1bLBFwKOtL4Rob6MGxSvuE6Twh-T44ewAT7WeCLJVg&xkcb=SoC867M32hCITTyKXp0PbzkdCdPP&fccid=2823576f79f9b475&vjs=3
Executive Assistant,Schneider Electric,"Bengaluru, Karnataka",N/A,N/A,EmployerActive 2 days ago,https://www.indeed.com/rc/clk?jk=e9772c1c46e19e62&bb=e2XzvoEMcCD7mGNjCAhK11S9oK0nWvTUENEr1WTEZmxvvb9VACT9-35EOqjz_0dlYo-hn_W38eEQP-5GPjaqpbuytErb37UXE2pgBsmThgECDvUFO5I7zYGYo8234OG9&xkcb=SoAI67M32hCITTyKXp0ObzkdCdPP&fccid=58e6b5a5a65fdad5&cmp=Teamly-Solutions-Pvt-Ltd&ti=Executive+Assistant&vjs=3
Administrative Assistant- Female,ID SMART CARDS CREATIONS PVT LTD,"Bengaluru, Karnataka",N/A,N/A,EmployerActive 2 days ago,https://www.indeed.com/rc/clk?jk=334b1d0f35e498e6&bb=e2XzvoEMcCD7mGNjCAhK19kGmmDuMxUmlzi5sl1d2f4VLbFoIGDiT_sWvbRgahWnIyGcTFnXuqij9qeD3WdX43rcsix91bIW1hSgj3LN8O48bSGJNmWPHQAMVsh4aGgE&xkcb=SoCV67M32hCITTyKXp0NbzkdCdPP&fccid=b50c3560e6e4d7ec&cmp=ID-Smart-Cards-Creations-Pvt.-Ltd&ti=Administrative+Assistant&vjs=3
Administrative Coordinator,Renaura Wellness Pvt Ltd,"Bengaluru, Karnataka",N/A,N/A,N/A,https://www.indeed.com/rc/clk?jk=73cbc83c9d09bb37&bb=e2XzvoEMcCD7mGNjCAhK14RG4vb4WQi4Lkfa-SeRLBuKmwU5jrEGSbgwe_c3QDZ_jIQVV7iIJ1xjVIiz-uj7ge17iSBxYOjoVxstcXrz2mkogLNhXTsXcjGJKZQj-wcL&xkcb=SoAh67M32hCITTyKXp0MbzkdCdPP&fccid=dd0195e260924675&vjs=3
Executive Assistant,Crtiical Edge,"Bengaluru, Karnataka",N/A,N/A,EmployerActive 2 days ago,https://www.indeed.com/rc/clk?jk=f0fd2239d2595664&bb=e2XzvoEMcCD7mGNjCAhK1_YioZjDYHkofGwEYeuKDma14yghPs2qI_VNJ0Ec5-AjngExEWksoKS_O4lOGqwpLhI13bOTjV4VTi1KcENMqut0a4UeVdkh7mx-3rHF4lQS&xkcb=SoDI67M32hCITTyKXp0DbzkdCdPP&fccid=14430f621dd5a01d&cmp=Vijaya-Builders-%2526-Developers&ti=Executive+Assistant&vjs=3
Office Administrator,Kosher Climate India Private Limited,"HSR Layout Sector 2, Bengaluru, Karnataka",N/A,N/A,EmployerActive 9 days ago,https://www.indeed.com/rc/clk?jk=2851777950af73f2&bb=e2XzvoEMcCD7mGNjCAhK15XhT9OPqSV06pSK1KLGcpOuIwDv_VXc4zivz7nBDeLw-CvfGsWnsjD-ZlOiCxLlSgN38T8nAUsSfVtWLTRAHGIqb4GDFDDkUA_Zwsb7VEA0&xkcb=SoB867M32hCITTyKXp0CbzkdCdPP&fccid=9b17aac1a052a1cc&cmp=Kosher-Climate-India-Private-Limited&ti=Office+Administrator&vjs=3
Receptionist(Freshers can apply),Methods Automotive Pvt Ltd,"Bengaluru, Karnataka",N/A,N/A,N/A,https://www.indeed.com/rc/clk?jk=2f8f4a1f9ae5e980&bb=e2XzvoEMcCD7mGNjCAhK12NCrOUNyl-8LE17AQIn5SnHnmSbbyWzba5z7cOQ3qRlTD3CtcNi5OYAVVqsZbc80rxgi0xzoGuBziktELBHmu_WOpiyKkyCK5j_fwZIcYQI&xkcb=SoDh67M32hCITTyKXp0BbzkdCdPP&fccid=9863f6c15d564159&cmp=Methods-Automotive-Pvt-Ltd&ti=Receptionist&vjs=3
Assistant Front Office Manager,"Marriott International, Inc","Bengaluru, Karnataka",N/A,N/A,N/A,https://www.indeed.com/rc/clk?jk=5713742cb57dfa47&bb=e2XzvoEMcCD7mGNjCAhK15vGMIoDMYLrCjIRVjxwGaGk-V4xjWOaIrSI2p6T7vsQNc9ZEROGISVlJuQQAV7r9YN5m5k4PTsLGJe0B07Wg0L8--8z6ATdr1NyMj7XDxf6&xkcb=SoBV67M32hCITTyKXp0AbzkdCdPP&fccid=0b6c496064ecd79a&vjs=3
Assistant Front Office Manager,The Chancery Pavilion,"Ashoknagar, Bengaluru, Karnataka",N/A,N/A,EmployerActive 26 days ago,https://www.indeed.com/rc/clk?jk=808373f32d78b1c9&bb=e2XzvoEMcCD7mGNjCAhK12NCrOUNyl-8mgi4dATPAKdMQ6kCnXh92wUYCWG8tta53Fg1uRd27fEamlPXSsgvm-_IUYGKjYChLSL7VWx3-vbApZOEXMwnr6B7P4Uy-f8U&xkcb=SoDb67M32hCITTyKXp0HbzkdCdPP&fccid=06aa33c4fa5dcf46&cmp=The-Chancery-Pavilion&ti=Assistant+Front+Office+Manager&vjs=3
"Executive Assistant,",Qrata,"Bengaluru, Karnataka",N/A,N/A,EmployerActive 5 days ago,https://www.indeed.com/rc/clk?jk=ee99f8aac4244696&bb=e2XzvoEMcCD7mGNjCAhK12rKTKR5FYRHzPPMu3EgVRsacwYB1tOt6v-29doUM4NJcXwymVymSZumgdwTW4bSLneKTWLdkUOStwVrgaEk8tZQCxPVK5mM7Qn_IaU2ZYZ-&xkcb=SoBv67M32hCITTyKXp0GbzkdCdPP&fccid=ced1d0c12bc733b7&cmp=Qrata&ti=Executive+Assistant&vjs=3
Front Desk Receptionist,The Prodigies International School,"Bengaluru, Karnataka",N/A,N/A,N/A,https://www.indeed.com/rc/clk?jk=bffa0c84cc5cc12a&bb=e2XzvoEMcCD7mGNjCAhK14Aaxu-G3uLJkZF-Oe_LII8t9tNEmTR3LWH2HgRrJ1y3ymQL4BADZvTg47oNfeCLgx64yB5ns2nXlBmCfwa92ZUqP-_qFHA1uGUUswaF3J8_&xkcb=SoDy67M32hCITTyKXp0FbzkdCdPP&fccid=deeb10282497fff5&cmp=The-Little-Prodigies-International-Pre-School&ti=Front+Desk+Receptionist&vjs=3
